{"chunk_definitions":[{"row":11,"row_count":1,"visible":true,"expansion_state":0,"options":{"engine":"r","label":"unnamed-chunk-4"},"document_id":"49A9182A","chunk_id":"cyz2a5qbxsdq4","chunk_label":"unnamed-chunk-1"},{"row":53,"row_count":1,"visible":true,"expansion_state":0,"options":{"engine":"r","label":"unnamed-chunk-2"},"document_id":"49A9182A","chunk_id":"cw88hi3zeb9g3","chunk_label":"unnamed-chunk-3"},{"row":96,"row_count":1,"visible":true,"expansion_state":0,"options":{"engine":"r","label":"unnamed-chunk-3"},"document_id":"49A9182A","chunk_id":"cy63y7tjwb21o","chunk_label":"unnamed-chunk-4"},{"row":233,"row_count":1,"visible":true,"expansion_state":0,"options":{"engine":"r","label":"unnamed-chunk-4"},"document_id":"49A9182A","chunk_id":"c5ho84cg1kv80","chunk_label":"unnamed-chunk-8"}],"doc_write_time":1702413566}