{"chunk_definitions":[{"row":11,"row_count":1,"visible":true,"expansion_state":0,"options":{"engine":"r","label":"unnamed-chunk-4"},"document_id":"49A9182A","chunk_id":"cyz2a5qbxsdq4","chunk_label":"unnamed-chunk-1"},{"row":53,"row_count":1,"visible":true,"expansion_state":0,"options":{"engine":"r","label":"unnamed-chunk-7"},"document_id":"49A9182A","chunk_id":"cw88hi3zeb9g3","chunk_label":"unnamed-chunk-3"},{"row":94,"row_count":1,"visible":true,"expansion_state":0,"options":{"engine":"r","label":"unnamed-chunk-8"},"document_id":"49A9182A","chunk_id":"c29s1zo8azuh9","chunk_label":"unnamed-chunk-4"},{"row":103,"row_count":1,"visible":true,"expansion_state":0,"options":{"engine":"r","label":"unnamed-chunk-9"},"document_id":"49A9182A","chunk_id":"ci3ptan9sri14","chunk_label":"unnamed-chunk-5"}],"doc_write_time":1702402511,"chunk_rendered_width":554}