"0",""
"0","#We see values with >.8 correlation"
"0","high_correlations <- which(corr_matrix > 0.8 & corr_matrix < 0.99, arr.ind = TRUE)"
"0","correlation_values <- corr_matrix[high_correlations]"
"0","variable_names <- rownames(corr_matrix)[high_correlations[, 1]]"
"0","correlated_variable_names <- colnames(corr_matrix)[high_correlations[, 2]]"
"0",""
"0","result <- data.frame("
"0","  Variable1 = variable_names,"
"0","  Variable2 = correlated_variable_names,"
"0","  Correlation = correlation_values"
"0",")"
"0",""
"0","print(result)"
