"0","#install.packages(""ggcorrplot"")"
"0","library(ggcorrplot)"
"0","library(heatmaply)"
"0",""
"0",""
"0","# Remove the Y column and non-numeric"
"0","columns_to_exclude <- c(""Life.Ladder"", ""Country.Name"", ""Regional.Indicator"", ""Continent"", ""Epi_Pandemic_Year"")"
"0",""
"0","reduced_data <- WHO[, !(names(WHO) %in% columns_to_exclude)]"
"0","reduced_data <- na.omit(reduced_data)"
"0",""
"0","# Compute correlation at 2 decimal places"
"0","corr_matrix = round(cor(reduced_data), 2)"
"0","# Compute a matrix of correlation p-values"
"0","p.mat <- cor_pmat(reduced_data)"
"0",""
"0",""
"0","#View(corr_matrix)"
"0","# Compute and show the  result"
"0","corr.plot <- ggcorrplot(corr_matrix, hc.order = TRUE, type = ""lower"", outline.col = ""white"",  p.mat = p.mat)"
"0","ggplotly(corr.plot) #YUHAN"
