"0","# happydf <- read.csv(""../../Datasets/HappyDataFrame.csv"")"
"0","happydf %>%"
"0","  plot_ly(x = ~Year, y = ~Life.Ladder) %>%"
"0","  add_boxplot("
"0","    color = ~Life.Ladder,"
"0","    colorscale = 'Viridis', "
"0","    boxpoints = 'outliers', "
"0","    text = ~Regional.Indicator, "
"0","    marker = list("
"0","      symbol = 'circle',  "
"0","      color = ~Regional.Indicator  "
"0","    )"
"0","  ) %>%"
"0","  layout("
"0","    title = ""Life Ladder by Year"","
"0","    xaxis = list(title = ""Year""), "
"0","    yaxis = list(title = ""Life Ladder"")"
"0","  )"
"2","Warning: line.color doesn't (yet) support data arrays"
"2","Warning: Only one fillcolor per trace allowed"
"2","Warning: line.color doesn't (yet) support data arrays"
"2","Warning: Only one fillcolor per trace allowed"
"2","Warning: 'box' objects don't have these attributes: 'colorscale'
Valid attributes include:
'alignmentgroup', 'boxmean', 'boxpoints', 'customdata', 'customdatasrc', 'dx', 'dy', 'fillcolor', 'hoverinfo', 'hoverinfosrc', 'hoverlabel', 'hoveron', 'hovertemplate', 'hovertemplatesrc', 'hovertext', 'hovertextsrc', 'ids', 'idssrc', 'jitter', 'legendgroup', 'legendgrouptitle', 'legendrank', 'line', 'lowerfence', 'lowerfencesrc', 'marker', 'mean', 'meansrc', 'median', 'mediansrc', 'meta', 'metasrc', 'name', 'notched', 'notchspan', 'notchspansrc', 'notchwidth', 'offsetgroup', 'opacity', 'orientation', 'pointpos', 'q1', 'q1src', 'q3', 'q3src', 'quartilemethod', 'sd', 'sdsrc', 'selected', 'selectedpoints', 'showlegend', 'stream', 'text', 'textsrc', 'transforms', 'type', 'uid', 'uirevision', 'unselected', 'upperfence', 'upperfencesrc', 'visible', 'whiskerwidth', 'width', 'x', 'x0', 'xaxis', 'xcalendar', 'xhoverformat', 'xperiod', 'xperiod0', 'xperiodalignment', 'xsrc', 'y', 'y0', 'yaxis', 'ycalendar', 'yhoverformat', 'yperiod', 'yperiod0', 'yperiodalignment', 'ysrc', 'key', 'set', 'frame', 'transforms', '_isNestedKey', '_isSimpleKey', '_isGraticule', '_bbox'
"
"2","Warning: line.color doesn't (yet) support data arrays"
"2","Warning: Only one fillcolor per trace allowed"
"2","Warning: line.color doesn't (yet) support data arrays"
"2","Warning: Only one fillcolor per trace allowed"
"2","Warning: 'box' objects don't have these attributes: 'colorscale'
Valid attributes include:
'alignmentgroup', 'boxmean', 'boxpoints', 'customdata', 'customdatasrc', 'dx', 'dy', 'fillcolor', 'hoverinfo', 'hoverinfosrc', 'hoverlabel', 'hoveron', 'hovertemplate', 'hovertemplatesrc', 'hovertext', 'hovertextsrc', 'ids', 'idssrc', 'jitter', 'legendgroup', 'legendgrouptitle', 'legendrank', 'line', 'lowerfence', 'lowerfencesrc', 'marker', 'mean', 'meansrc', 'median', 'mediansrc', 'meta', 'metasrc', 'name', 'notched', 'notchspan', 'notchspansrc', 'notchwidth', 'offsetgroup', 'opacity', 'orientation', 'pointpos', 'q1', 'q1src', 'q3', 'q3src', 'quartilemethod', 'sd', 'sdsrc', 'selected', 'selectedpoints', 'showlegend', 'stream', 'text', 'textsrc', 'transforms', 'type', 'uid', 'uirevision', 'unselected', 'upperfence', 'upperfencesrc', 'visible', 'whiskerwidth', 'width', 'x', 'x0', 'xaxis', 'xcalendar', 'xhoverformat', 'xperiod', 'xperiod0', 'xperiodalignment', 'xsrc', 'y', 'y0', 'yaxis', 'ycalendar', 'yhoverformat', 'yperiod', 'yperiod0', 'yperiodalignment', 'ysrc', 'key', 'set', 'frame', 'transforms', '_isNestedKey', '_isSimpleKey', '_isGraticule', '_bbox'
"
